,mean,std
Year,1996.999267578125,10.101346015930176
Mnth,6.522840976715088,3.448657751083374
Day,15.729896545410156,8.800276756286621
Hr,12.0,0.0
dayl(s),43192.7578125,7495.93896484375
prcp(mm/day),3.5328898429870605,7.863776683807373
srad(W/m2),340.4092712402344,141.73980712890625
swe(mm),0.0,0.0
tmax(C),14.882843971252441,11.168059349060059
tmin(C),1.9760138988494873,9.850471496582031
vp(Pa),821.8422241210938,570.9024047851562
QObs(mm/d),1.8424506187438965,3.7398853302001953
