,mean,std
Year,1996.999267578125,11.018987655639648
Mnth,6.522840976715088,3.448622941970825
Day,15.729896545410156,8.799991607666016
Hr,12.0,0.0
dayl(s),43193.14453125,7085.88671875
prcp(mm/day),2.8796281814575195,7.6279706954956055
srad(W/m2),357.5888977050781,141.93531799316406
swe(mm),0.0,0.0
tmax(C),16.225807189941406,11.0802640914917
tmin(C),3.1829137802124023,9.758113861083984
vp(Pa),834.4161376953125,606.1044921875
QObs(mm/d),1.3133548498153687,3.455233573913574
